<?xml version="1.0" encoding="UTF-8"?>
<project-private xmlns="http://www.netbeans.org/ns/project-private/1">
    <editor-bookmarks xmlns="http://www.netbeans.org/ns/editor-bookmarks/2" lastBookmarkId="0"/>
    <open-files xmlns="http://www.netbeans.org/ns/projectui-open-files/2">
        <group>
            <file>file:/C:/Users/Scott/Dropbox/My%20Documents/Projects_and_Misc_Tech/PIC_Projects/Alarm_Clock.X/buttons.h</file>
            <file>file:/C:/Users/Scott/Dropbox/My%20Documents/Projects_and_Misc_Tech/PIC_Projects/Alarm_Clock.X/speaker.h</file>
            <file>file:/C:/Users/Scott/Dropbox/My%20Documents/Projects_and_Misc_Tech/PIC_Projects/Alarm_Clock.X/main.c</file>
            <file>file:/C:/Users/Scott/Dropbox/My%20Documents/Projects_and_Misc_Tech/PIC_Projects/Alarm_Clock.X/interrupts.c</file>
            <file>file:/C:/Users/Scott/Dropbox/My%20Documents/Projects_and_Misc_Tech/PIC_Projects/Alarm_Clock.X/buttons.c</file>
            <file>file:/C:/Users/Scott/Dropbox/My%20Documents/Projects_and_Misc_Tech/PIC_Projects/Alarm_Clock.X/speaker.c</file>
            <file>file:/C:/Users/Scott/Dropbox/My%20Documents/Projects_and_Misc_Tech/PIC_Projects/Alarm_Clock.X/util.c</file>
            <file>file:/C:/Users/Scott/Dropbox/My%20Documents/Projects_and_Misc_Tech/PIC_Projects/Alarm_Clock.X/sevenseg.h</file>
            <file>file:/C:/Users/Scott/Dropbox/My%20Documents/Projects_and_Misc_Tech/PIC_Projects/Alarm_Clock.X/clock.h</file>
            <file>file:/C:/Users/Scott/Dropbox/My%20Documents/Projects_and_Misc_Tech/PIC_Projects/Alarm_Clock.X/RGB.h</file>
            <file>file:/C:/Users/Scott/Dropbox/My%20Documents/Projects_and_Misc_Tech/PIC_Projects/Alarm_Clock.X/sevenseg.c</file>
            <file>file:/C:/Users/Scott/Dropbox/My%20Documents/Projects_and_Misc_Tech/PIC_Projects/Alarm_Clock.X/config.h</file>
            <file>file:/C:/Users/Scott/Dropbox/My%20Documents/Projects_and_Misc_Tech/PIC_Projects/Alarm_Clock.X/config.c</file>
            <file>file:/C:/Users/Scott/Dropbox/My%20Documents/Projects_and_Misc_Tech/PIC_Projects/Alarm_Clock.X/configuration_bits.c</file>
            <file>file:/C:/Users/Scott/Dropbox/My%20Documents/Projects_and_Misc_Tech/PIC_Projects/Alarm_Clock.X/RGB.c</file>
            <file>file:/C:/Users/Scott/Dropbox/My%20Documents/Projects_and_Misc_Tech/PIC_Projects/Alarm_Clock.X/main.h</file>
            <file>file:/C:/Users/Scott/Dropbox/My%20Documents/Projects_and_Misc_Tech/PIC_Projects/Alarm_Clock.X/clock.c</file>
        </group>
    </open-files>
</project-private>
