﻿"Manufacturer Part Number","Manufacturer","Digi-Key Part Number","Reference Designator","Packaging","Quantity","Unit Price","Description"
"MOV-10D271KTR","Bourns Inc.","MOV-10D271KTRCT-ND","","Cut Tape (CT)","2","0.50000","VARISTOR 270V 2.5KA DISC 10MM"
"LP-40-1200","Signal Transformer","595-1346-ND","","Bulk","1","17.18000","XFRMR SEMI-TORO 48VA THRU HOLE"
"RDER72J474MUE1H03A","Murata Electronics North America","490-9269-1-ND","","Cut Tape (CT)","3","1.62000","CAP CER 0.47UF 630V X7R RADIAL"
"744821120","Wurth Electronics Inc.","732-1438-ND","","Tray","1","3.63000","CMC 20MH 500MA 2LN TH"
"744821120","Wurth Electronics Inc.","732-1438-ND","","Tray","1","3.63000","CMC 20MH 500MA 2LN TH"
"CF12JT1M00","Stackpole Electronics Inc","CF12JT1M00CT-ND","","Cut Tape (CT)","4","0.10000","RES 1M OHM 1/2W 5% AXIAL"
"1N5408RLG","ON Semiconductor","1N5408RLGOSCT-ND","","Cut Tape (CT)","8","0.42000","DIODE GEN PURP 1KV 3A DO201AD"
"100USC2200MEFCSN30X30","Rubycon","1189-2743-ND","","Bulk","4","4.22000","CAP ALUM 2200UF 20% 100V SNAP"