﻿"Manufacturer Part Number","Manufacturer","Digi-Key Part Number","Customer Reference","Reference Designator","Quantity","Quantity Available","Description"
"TPS40060PWPR","Texas Instruments","296-39396-1-ND","","","2","5952","IC REG CTRLR BUCK 16HTSSOP"
"LT3081ER#PBF","Linear Technology/Analog Devices","LT3081ER#PBF-ND","","","2","2105","IC REG LIN POS ADJ 1.5A 7DDPAK"
"LT3092EST#TRPBF","Linear Technology/Analog Devices","LT3092EST#TRPBFCT-ND","","","2","1760","IC PROG CURRENT SOURCE SOT223-3"
"IRLR024TRPBF","Vishay Siliconix","IRLR024TRPBFCT-ND","","","2","5472","MOSFET N-CH 60V 14A DPAK"
"STD35P6LLF6","STMicroelectronics","497-15462-1-ND","","","2","6558","MOSFET P-CH 60V 35A DPAK"
"ISL28208FBZ-T7A","Renesas Electronics America Inc.","ISL28208FBZ-T7ACT-ND","","","2","472","IC OPAMP GP 1.2MHZ RRO 8SOIC"
"7443251000","Wurth Electronics Inc.","732-4179-1-ND","","","1","17","FIXED IND 10UH 7.2A 16.3 MOHM"
"CSRN2010FKR250","Stackpole Electronics Inc","CSRN2010FKR250CT-ND","","","2","26208","RES 0.25 OHM 1% 1W 2010"
"RMCF0805FT1K00","Stackpole Electronics Inc","RMCF0805FT1K00CT-ND","","","8","822030","RES 1K OHM 1% 1/8W 0805"
"RMCF0805FT100K","Stackpole Electronics Inc","RMCF0805FT100KCT-ND","","","8","1386423","RES 100K OHM 1% 1/8W 0805"
"ERJ-6ENF10R0V","Panasonic Electronic Components","P10.0CCT-ND","","","4","344613","RES SMD 10 OHM 1% 1/8W 0805"
"RC0805FR-07412KL","Yageo","311-412KCRCT-ND","","","2","22745","RES SMD 412K OHM 1% 1/8W 0805"
"ERJ-6ENF4991V","Panasonic Electronic Components","P4.99KCCT-ND","","","2","730492","RES SMD 4.99K OHM 1% 1/8W 0805"
"RMCF0805FT10K0","Stackpole Electronics Inc","RMCF0805FT10K0CT-ND","","","10","7229475","RES 10K OHM 1% 1/8W 0805"
"RMCF0805FT40K2","Stackpole Electronics Inc","RMCF0805FT40K2CT-ND","","","4","152643","RES 40.2K OHM 1% 1/8W 0805"
"RMCF0805FT300K","Stackpole Electronics Inc","RMCF0805FT300KCT-ND","","","2","17147","RES 300K OHM 1% 1/8W 0805"
"RC0805FR-07255KL","Yageo","311-255KCRCT-ND","","","2","149903","RES SMD 255K OHM 1% 1/8W 0805"
"CR0805-FX-3012ELF","Bourns Inc.","CR0805-FX-3012ELFCT-ND","","","2","48399","RES SMD 30.1K OHM 1% 1/8W 0805"
"RC0805FR-07100RL","Yageo","311-100CRCT-ND","","","2","10600121","RES SMD 100 OHM 1% 1/8W 0805"
"RC0805FR-071K78L","Yageo","311-1.78KCRCT-ND","","","4","175950","RES SMD 1.78K OHM 1% 1/8W 0805"
"RMCF0805FT150R","Stackpole Electronics Inc","RMCF0805FT150RCT-ND","","","4","437075","RES 150 OHM 1% 1/8W 0805"
"CRG0805F7K5","TE Connectivity Passive Product","A126387CT-ND","","","4","49528","RES SMD 7.5K OHM 1% 1/8W 0805"
"B3P-VH(LF)(SN)","JST Sales America Inc.","455-1640-ND","","","3","76314","CONN HEADER VERT 3POS 3.96MM"
"GRT31CR61H106ME01L","Murata Electronics North America","490-12457-1-ND","","","10","189974","CAP CER 10UF 50V X5R 1206"
"CL21F105ZBFNNNE","Samsung Electro-Mechanics","1276-3010-1-ND","","","4","1369269","CAP CER 1UF 50V Y5V 0805"
"C0402C332K3RACTU","KEMET","399-7789-1-ND","","","2","179003","CAP CER 3300PF 25V X7R 0402"
"TMK063CG221JTHF","Taiyo Yuden","587-3801-1-ND","","","2","1169862","CAP CER 220PF 25V NP0 0201"
"CL10B123KB8NNNC","Samsung Electro-Mechanics","1276-1785-1-ND","","","4","93766","CAP CER 0.012UF 50V X7R 0603"
"LTST-C171TBKT","Lite-On Inc.","160-1645-1-ND","","","5","397565","LED BLUE CLEAR CHIP SMD"
"S-1142B50I-E6T1U","ABLIC U.S.A. Inc.","1662-1355-1-ND","","","2","1206","IC REG LINEAR 5V 200MA 6HSOP"
"FDD9510L-F085","ON Semiconductor","FDD9510L-F085OSCT-ND","","","2","2233","MOSFET P-CH 35V 13A DPAK"